"","BldgType","SalePrice","YearBuilt"
"1","1Fam",208500,2003
"2","1Fam",181500,1976
"3","1Fam",223500,2001
"4","1Fam",140000,1915
"5","1Fam",250000,2000
"6","1Fam",143000,1993
"7","1Fam",307000,2004
"8","1Fam",200000,1973
"9","1Fam",129900,1931
"10","2fmCon",118000,1939
"11","1Fam",129500,1965
"12","1Fam",345000,2005
"13","1Fam",144000,1962
"14","1Fam",279500,2006
"15","1Fam",157000,1960
"16","1Fam",132000,1929
"17","1Fam",149000,1970
"18","Duplex",90000,1967
"19","1Fam",159000,2004
"20","1Fam",139000,1958
"21","1Fam",325300,2005
"22","1Fam",139400,1930
"23","1Fam",230000,2002
"24","TwnhsE",129900,1976
"25","1Fam",154000,1968
"26","1Fam",256300,2007
"27","1Fam",134800,1951
"28","1Fam",306000,2007
"29","1Fam",207500,1957
"30","1Fam",68500,1927
"31","1Fam",40000,1920
"32","1Fam",149350,1966
"33","1Fam",179900,2007
"34","1Fam",165500,1959
"35","TwnhsE",277500,2005
"36","1Fam",309000,2004
"37","1Fam",145000,1994
"38","1Fam",153000,1954
"39","1Fam",109000,1953
"40","Duplex",82000,1955
"41","1Fam",160000,1965
"42","1Fam",170000,1959
"43","1Fam",144000,1983
"44","1Fam",130250,1975
"45","1Fam",141000,1959
"46","TwnhsE",319900,2005
"47","1Fam",239686,2003
"48","1Fam",249700,2006
"49","2fmCon",113000,1920
"50","1Fam",127000,1966
"51","1Fam",177000,1997
"52","1Fam",114500,1934
"53","Duplex",110000,1963
"54","1Fam",385000,1981
"55","1Fam",130000,1955
"56","1Fam",180500,1964
"57","Twnhs",172500,1999
"58","1Fam",196500,2004
"59","1Fam",438780,2006
"60","1Fam",124900,1972
"61","1Fam",158000,2004
"62","1Fam",101000,1920
"63","TwnhsE",202500,2006
"64","1Fam",140000,1921
"65","1Fam",219500,1997
"66","1Fam",317000,2004
"67","1Fam",180000,1970
"68","1Fam",226000,2003
"69","1Fam",80000,1945
"70","1Fam",225000,1953
"71","1Fam",244000,1973
"72","1Fam",129500,1982
"73","1Fam",185000,1998
"74","1Fam",144900,1954
"75","1Fam",107400,1915
"76","Twnhs",91000,1973
"77","1Fam",135750,1956
"78","1Fam",127000,1948
"79","Duplex",136500,1968
"80","1Fam",110000,1910
"81","1Fam",193500,1968
"82","TwnhsE",153500,1998
"83","1Fam",245000,2007
"84","1Fam",126500,1960
"85","1Fam",168500,1995
"86","1Fam",260000,1991
"87","1Fam",174000,2005
"88","TwnhsE",164500,2009
"89","1Fam",85000,1915
"90","1Fam",123600,1994
"91","1Fam",109900,1950
"92","1Fam",98600,1961
"93","1Fam",163500,1921
"94","2fmCon",133900,1910
"95","1Fam",204750,1997
"96","1Fam",185000,1993
"97","1Fam",214000,1999
"98","1Fam",94750,1965
"99","1Fam",83000,1920
"100","1Fam",128950,1959
"101","1Fam",205000,1977
"102","1Fam",178000,1985
"103","Duplex",118964,1979
"104","1Fam",198900,2009
"105","1Fam",169500,1931
"106","1Fam",250000,2003
"107","1Fam",100000,1885
"108","1Fam",115000,1948
"109","1Fam",115000,1919
"110","1Fam",190000,1977
"111","1Fam",136900,1954
"112","1Fam",180000,2000
"113","1Fam",383970,2007
"114","1Fam",217000,1953
"115","1Fam",259500,1945
"116","TwnhsE",176000,1999
"117","1Fam",139000,1962
"118","1Fam",155000,2006
"119","1Fam",320000,1990
"120","1Fam",163990,2005
"121","1Fam",180000,1969
"122","1Fam",100000,1939
"123","1Fam",136000,1958
"124","TwnhsE",153900,1993
"125","1Fam",181000,1979
"126","2fmCon",84500,1935
"127","TwnhsE",128000,1976
"128","1Fam",87000,1930
"129","1Fam",155000,1966
"130","1Fam",150000,1958
"131","1Fam",226000,1966
"132","1Fam",244000,2000
"133","1Fam",150750,1959
"134","1Fam",220000,2001
"135","1Fam",180000,1968
"136","1Fam",174000,1970
"137","1Fam",143000,1967
"138","Duplex",171000,1988
"139","1Fam",230000,1999
"140","1Fam",231500,1997
"141","1Fam",115000,1971
"142","1Fam",260000,2005
"143","1Fam",166000,1952
"144","1Fam",204000,1999
"145","Duplex",125000,1963
"146","Twnhs",130000,2004
"147","1Fam",105000,1931
"148","1Fam",222500,2001
"149","1Fam",141000,2004
"150","1Fam",115000,1936
"151","1Fam",122000,1975
"152","1Fam",372402,2007
"153","1Fam",190000,1971
"154","1Fam",235000,1960
"155","1Fam",125000,1923
"156","1Fam",79000,1924
"157","1Fam",109500,1950
"158","1Fam",269500,2009
"159","1Fam",254900,2004
"160","1Fam",320000,2005
"161","1Fam",162500,1984
"162","1Fam",412500,2003
"163","1Fam",220000,2005
"164","1Fam",103200,1956
"165","1Fam",152000,1926
"166","2fmCon",127500,1940
"167","1Fam",190000,1955
"168","1Fam",325624,2007
"169","1Fam",183500,2004
"170","1Fam",228000,1981
"171","1Fam",128500,1941
"172","1Fam",215000,1960
"173","TwnhsE",239000,1987
"174","1Fam",163000,1961
"175","1Fam",184000,1986
"176","1Fam",243000,1950
"177","1Fam",211000,1988
"178","1Fam",172500,1958
"179","1Fam",501837,2008
"180","1Fam",100000,1923
"181","Twnhs",177000,2000
"182","1Fam",200100,1920
"183","1Fam",120000,1957
"184","1Fam",200000,2003
"185","1Fam",127000,1908
"186","1Fam",475000,1892
"187","1Fam",173000,1990
"188","1Fam",135000,1916
"189","Duplex",153337,1979
"190","TwnhsE",286000,2001
"191","1Fam",315000,1932
"192","1Fam",184000,1972
"193","1Fam",192000,1999
"194","Twnhs",130000,2004
"195","1Fam",127000,1972
"196","Twnhs",148500,1976
"197","1Fam",311872,2007
"198","1Fam",235000,1918
"199","1Fam",104000,1912
"200","1Fam",274900,2004
"201","1Fam",140000,2003
"202","1Fam",171500,1977
"203","1Fam",112000,1924
"204","TwnhsE",149000,2004
"205","1Fam",110000,1947
"206","1Fam",180500,1990
"207","1Fam",143900,1962
"208","1Fam",141000,1960
"209","1Fam",277000,1988
"210","1Fam",145000,1964
"211","1Fam",98000,1925
"212","1Fam",186000,2009
"213","1Fam",252678,2009
"214","1Fam",156000,1995
"215","1Fam",161750,1977
"216","1Fam",134450,1957
"217","1Fam",210000,2004
"218","1Fam",107000,1925
"219","1Fam",311500,1939
"220","TwnhsE",167240,2005
"221","1Fam",204900,2006
"222","1Fam",200000,2002
"223","1Fam",179900,1975
"224","1Fam",97000,1971
"225","1Fam",386250,2003
"226","Twnhs",112000,1971
"227","1Fam",290000,1995
"228","Twnhs",106000,1970
"229","1Fam",125000,1967
"230","TwnhsE",192500,2005
"231","1Fam",148000,1959
"232","1Fam",403000,1995
"233","Twnhs",94500,1972
"234","1Fam",128200,1976
"235","1Fam",216500,2002
"236","TwnhsE",89500,1971
"237","1Fam",185500,2004
"238","1Fam",194500,1993
"239","1Fam",318000,2007
"240","1Fam",113000,1945
"241","1Fam",262500,2008
"242","1Fam",110500,1945
"243","1Fam",79000,1900
"244","TwnhsE",120000,1980
"245","1Fam",205000,1994
"246","1Fam",241500,1988
"247","2fmCon",137000,1910
"248","1Fam",140000,1954
"249","1Fam",180000,2003
"250","1Fam",277000,1958
"251","1Fam",76500,1940
"252","TwnhsE",235000,2006
"253","1Fam",173000,2004
"254","1Fam",158000,1964
"255","1Fam",145000,1957
"256","1Fam",230000,1999
"257","1Fam",207500,2003
"258","1Fam",220000,2006
"259","1Fam",231500,2001
"260","1Fam",97000,1956
"261","1Fam",176000,1962
"262","1Fam",276000,2007
"263","1Fam",151000,1977
"264","1Fam",130000,1929
"265","1Fam",73000,1925
"266","1Fam",175500,1981
"267","1Fam",185000,1997
"268","1Fam",179500,1939
"269","1Fam",120500,1940
"270","1Fam",148000,1976
"271","1Fam",266000,2006
"272","1Fam",241500,1954
"273","1Fam",290000,1999
"274","1Fam",139000,1958
"275","1Fam",124500,1982
"276","1Fam",205000,1925
"277","1Fam",201000,2003
"278","1Fam",141000,1951
"279","1Fam",415298,2006
"280","1Fam",192000,1977
"281","1Fam",228500,1989
"282","1Fam",185000,2006
"283","Twnhs",207500,2007
"284","1Fam",244600,2008
"285","TwnhsE",179200,1992
"286","TwnhsE",164700,2006
"287","1Fam",159000,1962
"288","1Fam",88000,1971
"289","1Fam",122000,1967
"290","1Fam",153575,1915
"291","1Fam",233230,2006
"292","2fmCon",135900,1912
"293","1Fam",131000,1949
"294","1Fam",235000,1977
"295","1Fam",167000,1953
"296","1Fam",142500,1984
"297","1Fam",152000,1950
"298","1Fam",239000,1997
"299","1Fam",175000,1968
"300","1Fam",158500,1950
"301","2fmCon",157000,1953
"302","1Fam",267000,1998
"303","1Fam",205000,2001
"304","1Fam",149900,1972
"305","1Fam",295000,1880
"306","1Fam",305900,2004
"307","1Fam",225000,1990
"308","1Fam",89500,1920
"309","1Fam",82500,1940
"310","1Fam",360000,2003
"311","1Fam",165600,1993
"312","1Fam",132000,1948
"313","2fmCon",119900,1939
"314","1Fam",375000,1965
"315","1Fam",178000,1925
"316","1Fam",188500,2004
"317","1Fam",260000,1980
"318","1Fam",270000,2006
"319","1Fam",260000,1993
"320","1Fam",187500,1980
"321","1Fam",342643,2006
"322","1Fam",354000,2004
"323","1Fam",301000,1986
"324","1Fam",126175,1955
"325","1Fam",242000,1967
"326","1Fam",87000,1941
"327","TwnhsE",324000,1993
"328","1Fam",145250,1960
"329","1Fam",214500,1916
"330","1Fam",78000,1920
"331","Duplex",119000,1964
"332","1Fam",139000,1958
"333","1Fam",284000,2003
"334","TwnhsE",207000,2004
"335","1Fam",192000,1998
"336","2fmCon",228950,1965
"337","1Fam",377426,2005
"338","1Fam",214000,2002
"339","1Fam",202500,1984
"340","1Fam",155000,1958
"341","1Fam",202900,2002
"342","1Fam",82000,1950
"343","Duplex",87500,1949
"344","TwnhsE",266000,2005
"345","TwnhsE",85000,1976
"346","1Fam",140200,1939
"347","1Fam",151500,1960
"348","1Fam",157500,1960
"349","Twnhs",154000,2003
"350","1Fam",437154,2005
"351","TwnhsE",318061,2007
"352","1Fam",190000,1986
"353","1Fam",95000,1941
"354","1Fam",105900,1928
"355","1Fam",140000,1940
"356","1Fam",177500,1995
"357","1Fam",173000,1992
"358","TwnhsE",134000,1976
"359","1Fam",130000,1958
"360","1Fam",280000,1998
"361","1Fam",156000,1978
"362","1Fam",145000,1940
"363","1Fam",198500,2003
"364","Twnhs",118000,1972
"365","1Fam",190000,1976
"366","1Fam",147000,1920
"367","1Fam",159000,1963
"368","1Fam",165000,1962
"369","1Fam",132000,1954
"370","1Fam",162000,1959
"371","1Fam",172400,2000
"372","1Fam",134432,1959
"373","TwnhsE",125000,1984
"374","1Fam",123000,1953
"375","1Fam",219500,2003
"376","1Fam",61000,1922
"377","1Fam",148000,1996
"378","1Fam",340000,2004
"379","1Fam",394432,2010
"380","1Fam",179000,2000
"381","1Fam",127000,1924
"382","1Fam",187750,2006
"383","1Fam",213500,2006
"384","1Fam",76000,1928
"385","1Fam",240000,1992
"386","TwnhsE",192000,2004
"387","1Fam",81000,1910
"388","1Fam",125000,1976
"389","1Fam",191000,1999
"390","1Fam",426000,2007
"391","1Fam",119000,1900
"392","1Fam",215000,2001
"393","1Fam",106500,1959
"394","1Fam",100000,1941
"395","1Fam",109000,1940
"396","1Fam",129000,1956
"397","1Fam",123000,1972
"398","1Fam",169500,1962
"399","1Fam",67000,1920
"400","1Fam",241000,2006
"401","TwnhsE",245500,1996
"402","1Fam",164990,2005
"403","1Fam",108000,1940
"404","1Fam",258000,1998
"405","1Fam",168000,1995
"406","1Fam",150000,1976
"407","1Fam",115000,1936
"408","1Fam",177000,1915
"409","1Fam",280000,2006
"410","1Fam",339750,2007
"411","1Fam",60000,1958
"412","2fmCon",145000,1955
"413","1Fam",222000,2009
"414","1Fam",115000,1927
"415","1Fam",228000,1993
"416","1Fam",181134,2007
"417","1Fam",149500,1978
"418","1Fam",239000,1918
"419","1Fam",126000,1940
"420","1Fam",142000,1968
"421","Duplex",206300,1997
"422","1Fam",215000,1977
"423","1Fam",113000,1954
"424","1Fam",315000,1998
"425","1Fam",139000,1956
"426","1Fam",135000,1946
"427","1Fam",275000,1989
"428","1Fam",109008,1957
"429","1Fam",195400,2007
"430","1Fam",175000,1988
"431","Twnhs",85400,1971
"432","1Fam",79900,1920
"433","TwnhsE",122500,1971
"434","1Fam",181000,1997
"435","Twnhs",81000,1972
"436","1Fam",212000,1996
"437","1Fam",116000,1920
"438","1Fam",119000,1926
"439","1Fam",90350,1913
"440","1Fam",110000,1920
"441","1Fam",555000,2008
"442","Duplex",118000,1955
"443","1Fam",162900,1930
"444","TwnhsE",172500,2006
"445","1Fam",210000,1994
"446","1Fam",127500,1956
"447","1Fam",190000,1966
"448","1Fam",199900,1998
"449","1Fam",119500,1937
"450","1Fam",120000,1948
"451","1Fam",110000,1930
"452","1Fam",280000,1975
"453","1Fam",204000,1996
"454","1Fam",210000,2008
"455","Duplex",188000,1976
"456","1Fam",175500,1973
"457","1Fam",98000,1916
"458","1Fam",256000,1954
"459","1Fam",161000,1925
"460","1Fam",110000,1950
"461","1Fam",263435,2009
"462","1Fam",155000,1936
"463","1Fam",62383,1965
"464","1Fam",188700,1934
"465","1Fam",124000,1978
"466","TwnhsE",178740,2004
"467","1Fam",167000,1970
"468","1Fam",146500,1942
"469","1Fam",250000,2006
"470","1Fam",187000,1993
"471","TwnhsE",212000,1985
"472","1Fam",190000,1977
"473","TwnhsE",148000,2005
"474","1Fam",440000,2006
"475","TwnhsE",251000,2000
"476","1Fam",132500,1963
"477","1Fam",208900,1997
"478","1Fam",380000,2006
"479","1Fam",297000,2007
"480","1Fam",89471,1937
"481","1Fam",326000,2004
"482","1Fam",374000,2003
"483","1Fam",155000,1915
"484","Twnhs",164000,1998
"485","1Fam",132500,1962
"486","1Fam",147000,1950
"487","1Fam",156000,1965
"488","1Fam",175000,1971
"489","2fmCon",160000,1900
"490","Twnhs",86000,1970
"491","TwnhsE",115000,1976
"492","1Fam",133000,1941
"493","1Fam",172785,2006
"494","1Fam",155000,1960
"495","1Fam",91300,1938
"496","1Fam",34900,1920
"497","1Fam",430000,1992
"498","1Fam",184000,1925
"499","1Fam",130000,1967
"500","1Fam",120000,1958
"501","Twnhs",113000,1973
"502","1Fam",226700,2005
"503","1Fam",140000,1965
"504","1Fam",289000,1959
"505","TwnhsE",147000,1974
"506","Duplex",124500,1952
"507","1Fam",215000,1993
"508","1Fam",208300,2009
"509","1Fam",161000,1928
"510","1Fam",124500,1959
"511","1Fam",164900,1951
"512","TwnhsE",202665,2005
"513","1Fam",129900,1958
"514","1Fam",134000,1983
"515","1Fam",96500,1926
"516","1Fam",402861,2009
"517","1Fam",158000,1972
"518","1Fam",265000,1996
"519","1Fam",211000,1998
"520","1Fam",234000,1926
"521","2fmCon",106250,1900
"522","1Fam",150000,1957
"523","1Fam",159000,1947
"524","1Fam",184750,2007
"525","1Fam",315750,1996
"526","1Fam",176000,2005
"527","1Fam",132000,1956
"528","1Fam",446261,2008
"529","1Fam",86000,1920
"530","1Fam",200624,1957
"531","1Fam",175000,1988
"532","1Fam",128000,1920
"533","1Fam",107500,1955
"534","1Fam",39300,1946
"535","1Fam",178000,2004
"536","2fmCon",107500,1910
"537","1Fam",188000,1998
"538","1Fam",111250,1972
"539","1Fam",158000,1968
"540","1Fam",272000,2001
"541","1Fam",315000,2006
"542","1Fam",248000,2000
"543","1Fam",213250,1998
"544","TwnhsE",133000,1998
"545","1Fam",179665,2006
"546","1Fam",229000,1988
"547","1Fam",210000,1923
"548","1Fam",129500,1970
"549","1Fam",125000,1955
"550","1Fam",263000,2003
"551","TwnhsE",140000,1977
"552","1Fam",112500,1957
"553","1Fam",255500,2006
"554","1Fam",108000,1949
"555","1Fam",284000,2003
"556","1Fam",113000,1922
"557","1Fam",141000,1957
"558","1Fam",108000,1920
"559","1Fam",175000,1996
"560","TwnhsE",234000,2003
"561","1Fam",121500,1957
"562","1Fam",170000,1974
"563","1Fam",108000,1940
"564","1Fam",185000,1918
"565","1Fam",268000,1992
"566","1Fam",128000,1915
"567","1Fam",325000,2005
"568","1Fam",214000,2004
"569","1Fam",316600,1983
"570","Duplex",135960,1979
"571","Duplex",142600,1965
"572","1Fam",120000,1959
"573","1Fam",224500,2009
"574","1Fam",170000,2000
"575","1Fam",139000,1971
"576","1Fam",118500,1947
"577","1Fam",145000,1928
"578","1Fam",164500,1966
"579","TwnhsE",146000,2007
"580","1Fam",131500,1954
"581","1Fam",181900,1960
"582","1Fam",253293,2008
"583","Duplex",118500,1990
"584","1Fam",325000,1893
"585","1Fam",133000,1935
"586","1Fam",369900,2005
"587","1Fam",130000,1918
"588","1Fam",137000,1982
"589","1Fam",143000,1968
"590","1Fam",79500,1930
"591","1Fam",185900,2004
"592","1Fam",451950,2008
"593","1Fam",138000,1982
"594","TwnhsE",140000,2003
"595","1Fam",110000,1975
"596","1Fam",319000,2005
"597","1Fam",114504,1910
"598","TwnhsE",194201,2006
"599","1Fam",217500,1977
"600","Twnhs",151000,1980
"601","1Fam",275000,2005
"602","1Fam",141000,1937
"603","1Fam",220000,1992
"604","TwnhsE",151000,2004
"605","1Fam",221000,2002
"606","1Fam",205000,1965
"607","1Fam",152000,1996
"608","1Fam",225000,1948
"609","1Fam",359100,1934
"610","1Fam",118500,1961
"611","1Fam",313000,2000
"612","1Fam",148000,1978
"613","1Fam",261500,2001
"614","1Fam",147000,2007
"615","TwnhsE",75500,1972
"616","1Fam",137500,1963
"617","1Fam",183200,2002
"618","1Fam",105500,1954
"619","1Fam",314813,2007
"620","1Fam",305000,2003
"621","1Fam",67000,1914
"622","1Fam",240000,1974
"623","1Fam",135000,1977
"624","TwnhsE",168500,2000
"625","1Fam",165150,1972
"626","1Fam",160000,1962
"627","1Fam",139900,1960
"628","1Fam",153000,1955
"629","1Fam",135000,1969
"630","1Fam",168500,1964
"631","1Fam",124000,1880
"632","Twnhs",209500,2006
"633","1Fam",82500,1977
"634","1Fam",139400,1954
"635","Duplex",144000,1980
"636","2fmCon",200000,1914
"637","1Fam",60000,1936
"638","2fmCon",93000,1954
"639","1Fam",85000,1910
"640","TwnhsE",264561,2006
"641","TwnhsE",274000,2003
"642","1Fam",226000,2001
"643","1Fam",345000,1972
"644","1Fam",152000,1969
"645","1Fam",370878,2009
"646","1Fam",143250,1971
"647","1Fam",98300,1950
"648","1Fam",155000,1953
"649","1Fam",155000,1966
"650","Twnhs",84500,1970
"651","1Fam",205950,2007
"652","1Fam",108000,1940
"653","1Fam",191000,1996
"654","1Fam",135000,1906
"655","1Fam",350000,1995
"656","Twnhs",88000,1971
"657","1Fam",145500,1959
"658","1Fam",149000,1931
"659","1Fam",97500,1948
"660","1Fam",167000,1964
"661","1Fam",197900,1976
"662","1Fam",402000,1994
"663","1Fam",110000,1968
"664","1Fam",137500,1972
"665","1Fam",423000,2005
"666","1Fam",230500,2000
"667","1Fam",129000,1965
"668","1Fam",193500,1994
"669","1Fam",168000,1956
"670","1Fam",137500,1922
"671","1Fam",173500,2005
"672","1Fam",103600,1925
"673","1Fam",165000,1977
"674","1Fam",257500,1957
"675","1Fam",140000,1965
"676","Twnhs",148500,1978
"677","1Fam",87000,1900
"678","1Fam",109500,1924
"679","1Fam",372500,2008
"680","1Fam",128500,1961
"681","TwnhsE",143000,1980
"682","1Fam",159434,1932
"683","1Fam",173000,1996
"684","1Fam",285000,2002
"685","1Fam",221000,1998
"686","TwnhsE",207500,1984
"687","1Fam",227875,2007
"688","TwnhsE",148800,2004
"689","1Fam",392000,2007
"690","TwnhsE",194700,2005
"691","TwnhsE",141000,2004
"692","1Fam",755000,1994
"693","1Fam",335000,1989
"694","1Fam",108480,1921
"695","1Fam",141500,1936
"696","1Fam",176000,1987
"697","1Fam",89000,1921
"698","1Fam",123500,1952
"699","1Fam",138500,1965
"700","TwnhsE",196000,2004
"701","1Fam",312500,2002
"702","1Fam",140000,1969
"703","1Fam",361919,2006
"704","2fmCon",140000,1900
"705","1Fam",213000,2004
"706","2fmCon",55000,1930
"707","1Fam",302000,1971
"708","TwnhsE",254000,2006
"709","1Fam",179540,2007
"710","1Fam",109900,1966
"711","1Fam",52000,1935
"712","1Fam",102776,1900
"713","TwnhsE",189000,1988
"714","2fmCon",129000,1970
"715","1Fam",130500,1976
"716","1Fam",165000,1974
"717","1Fam",159500,1890
"718","1Fam",157000,1973
"719","1Fam",341000,1993
"720","1Fam",128500,1969
"721","1Fam",275000,1985
"722","TwnhsE",143000,2004
"723","1Fam",124500,1970
"724","1Fam",135000,1954
"725","1Fam",320000,2007
"726","1Fam",120500,1970
"727","1Fam",222000,1988
"728","1Fam",194500,2007
"729","Duplex",110000,1958
"730","1Fam",103000,1925
"731","TwnhsE",236500,1995
"732","1Fam",187500,2003
"733","1Fam",222500,1998
"734","1Fam",131400,1961
"735","1Fam",108000,1968
"736","1Fam",163000,1914
"737","Duplex",93500,1950
"738","1Fam",239900,2005
"739","Duplex",179000,1987
"740","1Fam",190000,2004
"741","1Fam",132000,1910
"742","1Fam",142000,1961
"743","1Fam",179000,2000
"744","1Fam",175000,1963
"745","TwnhsE",180000,1993
"746","1Fam",299800,1976
"747","1Fam",236000,2000
"748","1Fam",265979,1880
"749","1Fam",260400,1996
"750","1Fam",98000,1945
"751","1Fam",96500,1910
"752","1Fam",162000,2003
"753","1Fam",217000,1997
"754","1Fam",275500,2005
"755","1Fam",156000,1969
"756","TwnhsE",172500,1999
"757","1Fam",212000,2007
"758","1Fam",158900,1978
"759","Twnhs",179400,1999
"760","1Fam",290000,1995
"761","1Fam",127500,1959
"762","1Fam",100000,1924
"763","1Fam",215200,2009
"764","1Fam",337000,1999
"765","TwnhsE",270000,1995
"766","1Fam",264132,2008
"767","1Fam",196500,1988
"768","1Fam",160000,1940
"769","1Fam",216837,2004
"770","1Fam",538000,2003
"771","1Fam",134900,1982
"772","1Fam",102000,1951
"773","1Fam",107000,1976
"774","1Fam",114500,1958
"775","1Fam",395000,2006
"776","TwnhsE",162000,1998
"777","1Fam",221500,2005
"778","1Fam",142500,1974
"779","Duplex",144000,1977
"780","Duplex",135000,1977
"781","1Fam",176000,1995
"782","1Fam",175900,1992
"783","1Fam",187100,2001
"784","1Fam",165500,1978
"785","1Fam",128000,1914
"786","1Fam",161500,1967
"787","1Fam",139000,1915
"788","1Fam",233000,2004
"789","1Fam",107900,1954
"790","1Fam",187500,1966
"791","TwnhsE",160200,2005
"792","1Fam",146800,1976
"793","1Fam",269790,1996
"794","1Fam",225000,2007
"795","1Fam",194500,1994
"796","1Fam",171000,1980
"797","1Fam",143500,1977
"798","1Fam",110000,1953
"799","1Fam",485000,2008
"800","1Fam",175000,1937
"801","1Fam",200000,1997
"802","1Fam",109900,1916
"803","1Fam",189000,2005
"804","1Fam",582933,2008
"805","1Fam",118000,1954
"806","1Fam",227680,2008
"807","1Fam",135500,1967
"808","1Fam",223500,1923
"809","1Fam",159950,1966
"810","1Fam",106000,1898
"811","1Fam",181000,1974
"812","TwnhsE",144500,2004
"813","1Fam",55993,1952
"814","1Fam",157900,1958
"815","1Fam",116000,1918
"816","1Fam",224900,1998
"817","1Fam",137000,1954
"818","1Fam",271000,2002
"819","1Fam",155000,1971
"820","TwnhsE",224000,2009
"821","1Fam",183000,2003
"822","2fmCon",93000,1953
"823","1Fam",225000,2003
"824","1Fam",139500,1940
"825","1Fam",232600,2006
"826","1Fam",385000,2007
"827","1Fam",109500,1924
"828","1Fam",189000,2001
"829","1Fam",185000,1967
"830","Twnhs",147400,2005
"831","1Fam",166000,1957
"832","TwnhsE",151000,2005
"833","1Fam",237000,2003
"834","1Fam",167000,1964
"835","1Fam",139950,1961
"836","1Fam",128000,1950
"837","1Fam",153500,1948
"838","Twnhs",100000,1973
"839","1Fam",144000,1995
"840","1Fam",130500,1946
"841","1Fam",140000,1925
"842","1Fam",157500,1904
"843","1Fam",174900,1966
"844","Duplex",141000,1961
"845","1Fam",153900,1915
"846","1Fam",171000,1975
"847","1Fam",213000,1993
"848","1Fam",133500,1972
"849","1Fam",240000,1908
"850","1Fam",187000,1976
"851","TwnhsE",131500,2003
"852","TwnhsE",215000,2003
"853","1Fam",164000,1941
"854","1Fam",158000,1964
"855","1Fam",170000,1955
"856","1Fam",127000,1962
"857","1Fam",147000,1978
"858","1Fam",174000,1994
"859","1Fam",152000,1976
"860","1Fam",250000,1968
"861","1Fam",189950,1918
"862","2fmCon",131500,1965
"863","1Fam",152000,1984
"864","1Fam",132500,1959
"865","1Fam",250580,2007
"866","1Fam",148500,1970
"867","1Fam",248900,2006
"868","1Fam",129000,1961
"869","1Fam",169000,1948
"870","1Fam",236000,1993
"871","1Fam",109500,1962
"872","1Fam",200500,1998
"873","1Fam",116000,1953
"874","1Fam",133000,1949
"875","1Fam",66500,1941
"876","1Fam",303477,2007
"877","1Fam",132250,1963
"878","1Fam",350000,2004
"879","1Fam",148000,1961
"880","1Fam",136500,1978
"881","1Fam",157000,2005
"882","1Fam",187500,1990
"883","1Fam",178000,1992
"884","1Fam",118500,1912
"885","1Fam",100000,1967
"886","TwnhsE",328900,1999
"887","Duplex",145000,1959
"888","1Fam",135500,1955
"889","1Fam",268000,1970
"890","1Fam",149500,1953
"891","1Fam",122900,1949
"892","1Fam",172500,1978
"893","1Fam",154500,1963
"894","1Fam",165000,1954
"895","Duplex",118858,1979
"896","1Fam",140000,1963
"897","1Fam",106500,1936
"898","Duplex",142953,1979
"899","1Fam",611657,2009
"900","1Fam",135000,1961
"901","1Fam",110000,1971
"902","1Fam",153000,1957
"903","1Fam",180000,2003
"904","1Fam",240000,2006
"905","1Fam",125500,1967
"906","1Fam",128000,1954
"907","1Fam",255000,2006
"908","1Fam",250000,1936
"909","1Fam",131000,1983
"910","1Fam",174000,2005
"911","Duplex",154300,1960
"912","1Fam",143500,1977
"913","1Fam",88000,1925
"914","Duplex",145000,1949
"915","TwnhsE",173733,2009
"916","Twnhs",75000,1970
"917","1Fam",35311,1949
"918","1Fam",135000,1956
"919","1Fam",238000,1991
"920","1Fam",176500,1958
"921","1Fam",201000,1994
"922","Duplex",145900,1900
"923","1Fam",169990,2005
"924","TwnhsE",193000,1993
"925","1Fam",207500,1980
"926","1Fam",175000,1977
"927","1Fam",285000,2003
"928","1Fam",176000,1968
"929","1Fam",236500,2001
"930","1Fam",222000,1997
"931","1Fam",201000,2007
"932","1Fam",117500,1965
"933","1Fam",320000,2006
"934","1Fam",190000,2004
"935","1Fam",242000,1960
"936","1Fam",79900,1926
"937","1Fam",184900,2003
"938","1Fam",253000,2005
"939","1Fam",239799,2006
"940","1Fam",244400,1940
"941","Duplex",150900,1976
"942","1Fam",214000,1999
"943","Duplex",150000,1977
"944","Duplex",143000,1967
"945","1Fam",137500,1958
"946","1Fam",124900,1890
"947","1Fam",143000,1959
"948","1Fam",270000,2002
"949","1Fam",192500,2002
"950","1Fam",197500,1972
"951","1Fam",129000,1950
"952","1Fam",119900,1965
"953","1Fam",133900,1972
"954","1Fam",172000,1969
"955","Duplex",127500,1975
"956","Duplex",145000,1946
"957","TwnhsE",124000,1980
"958","1Fam",132000,1962
"959","1Fam",185000,2003
"960","Twnhs",155000,1999
"961","1Fam",116500,1958
"962","1Fam",272000,1977
"963","TwnhsE",155000,1976
"964","1Fam",239000,2007
"965","1Fam",214900,2002
"966","1Fam",178900,2005
"967","1Fam",160000,1940
"968","1Fam",135000,1955
"969","1Fam",37900,1910
"970","2fmCon",140000,1958
"971","1Fam",135000,1949
"972","Twnhs",173000,2003
"973","TwnhsE",99500,1979
"974","1Fam",182000,2007
"975","1Fam",167500,1910
"976","Twnhs",165000,2000
"977","1Fam",85500,1923
"978","TwnhsE",199900,2006
"979","1Fam",110000,1954
"980","1Fam",139000,1963
"981","1Fam",178400,1961
"982","1Fam",336000,1998
"983","1Fam",159895,2007
"984","1Fam",255900,2002
"985","Duplex",126000,1977
"986","2fmCon",125000,1950
"987","1Fam",117000,1910
"988","1Fam",395192,2009
"989","1Fam",195000,1976
"990","1Fam",197000,2006
"991","1Fam",348000,1997
"992","1Fam",168000,1882
"993","1Fam",187000,1964
"994","1Fam",173900,2005
"995","1Fam",337500,2006
"996","1Fam",121600,1946
"997","1Fam",136500,1961
"998","1Fam",185000,1970
"999","1Fam",91000,1922
"1000","1Fam",206000,2006
"1001","1Fam",82000,1952
"1002","1Fam",86000,1920
"1003","1Fam",232000,2006
"1004","Duplex",136905,1976
"1005","TwnhsE",181000,2005
"1006","1Fam",149900,1977
"1007","1Fam",163500,1970
"1008","TwnhsE",88000,1970
"1009","1Fam",240000,2004
"1010","1Fam",102000,1926
"1011","1Fam",135000,1948
"1012","Duplex",100000,1965
"1013","1Fam",165000,1923
"1014","1Fam",85000,1910
"1015","1Fam",119200,1948
"1016","1Fam",227000,2001
"1017","1Fam",203000,1996
"1018","TwnhsE",187500,1984
"1019","1Fam",160000,1991
"1020","TwnhsE",213490,2005
"1021","1Fam",176000,2005
"1022","1Fam",194000,2006
"1023","1Fam",87000,1930
"1024","TwnhsE",191000,2005
"1025","1Fam",287000,1976
"1026","1Fam",112500,1972
"1027","1Fam",167500,1960
"1028","1Fam",293077,2007
"1029","1Fam",105000,1941
"1030","Twnhs",118000,1972
"1031","2fmCon",160000,1916
"1032","1Fam",197000,1920
"1033","1Fam",310000,1993
"1034","1Fam",230000,2002
"1035","1Fam",119750,1938
"1036","1Fam",84000,1957
"1037","1Fam",315500,2007
"1038","1Fam",287000,2001
"1039","Twnhs",97000,1970
"1040","TwnhsE",80000,1970
"1041","1Fam",155000,1957
"1042","1Fam",173000,1966
"1043","Twnhs",196000,2005
"1044","1Fam",262280,1990
"1045","1Fam",278000,1981
"1046","1Fam",139600,1955
"1047","1Fam",556581,2005
"1048","1Fam",145000,1994
"1049","1Fam",115000,1960
"1050","1Fam",84900,1946
"1051","1Fam",176485,2007
"1052","1Fam",200141,2007
"1053","1Fam",165000,1964
"1054","1Fam",144500,1957
"1055","1Fam",255000,2002
"1056","1Fam",180000,1976
"1057","TwnhsE",185850,2005
"1058","1Fam",248000,1994
"1059","1Fam",335000,2008
"1060","1Fam",220000,1932
"1061","TwnhsE",213500,2001
"1062","1Fam",81000,1935
"1063","2fmCon",90000,1900
"1064","1Fam",110500,1925
"1065","1Fam",154000,1966
"1066","1Fam",328000,1996
"1067","1Fam",178000,1993
"1068","1Fam",167900,1964
"1069","TwnhsE",151400,1973
"1070","1Fam",135000,1949
"1071","1Fam",135000,1956
"1072","1Fam",154000,1968
"1073","1Fam",91500,1948
"1074","1Fam",159500,1977
"1075","1Fam",194000,2006
"1076","1Fam",219500,1940
"1077","1Fam",170000,1936
"1078","1Fam",138800,1969
"1079","TwnhsE",155900,2004
"1080","1Fam",126000,1994
"1081","1Fam",145000,1971
"1082","1Fam",133000,1963
"1083","1Fam",192000,2002
"1084","1Fam",160000,1964
"1085","1Fam",187500,1995
"1086","1Fam",147000,1992
"1087","TwnhsE",83500,1973
"1088","1Fam",252000,2005
"1089","Twnhs",137500,2004
"1090","TwnhsE",197000,2005
"1091","Duplex",92900,1950
"1092","Twnhs",160000,1999
"1093","1Fam",136500,1925
"1094","1Fam",146000,1965
"1095","1Fam",129000,1956
"1096","1Fam",176432,2006
"1097","1Fam",127000,1914
"1098","TwnhsE",170000,1986
"1099","1Fam",128000,1936
"1100","1Fam",157000,1978
"1101","1Fam",60000,1920
"1102","1Fam",119500,1971
"1103","1Fam",135000,1960
"1104","1Fam",159500,1959
"1105","TwnhsE",106000,1970
"1106","1Fam",325000,1994
"1107","1Fam",179900,1990
"1108","1Fam",274725,2006
"1109","1Fam",181000,2000
"1110","1Fam",280000,2004
"1111","1Fam",188000,1995
"1112","1Fam",205000,1976
"1113","1Fam",129900,1957
"1114","1Fam",134500,1953
"1115","1Fam",117000,1954
"1116","1Fam",318000,2007
"1117","1Fam",184100,2002
"1118","1Fam",130000,1967
"1119","1Fam",140000,1958
"1120","1Fam",133700,1959
"1121","1Fam",118400,1920
"1122","1Fam",212900,2005
"1123","1Fam",112000,1956
"1124","1Fam",118000,1947
"1125","1Fam",163900,1992
"1126","1Fam",115000,1955
"1127","TwnhsE",174000,2007
"1128","1Fam",259000,2004
"1129","1Fam",215000,2004
"1130","Duplex",140000,1980
"1131","1Fam",135000,1928
"1132","1Fam",93500,1991
"1133","1Fam",117500,1880
"1134","1Fam",239500,1995
"1135","1Fam",169000,1997
"1136","1Fam",102000,1926
"1137","1Fam",119000,1950
"1138","1Fam",94000,1875
"1139","1Fam",196000,1977
"1140","1Fam",144000,1920
"1141","1Fam",139000,1951
"1142","1Fam",197500,1976
"1143","1Fam",424870,2006
"1144","1Fam",80000,1959
"1145","2fmCon",80000,1941
"1146","1Fam",149000,1928
"1147","1Fam",180000,1985
"1148","1Fam",174500,1941
"1149","1Fam",116900,1926
"1150","1Fam",143000,1920
"1151","1Fam",124000,1950
"1152","1Fam",149900,1959
"1153","1Fam",230000,1956
"1154","1Fam",120500,1930
"1155","1Fam",201800,1965
"1156","1Fam",218000,1976
"1157","1Fam",179900,1965
"1158","Twnhs",230000,2007
"1159","1Fam",235128,2007
"1160","1Fam",185000,1974
"1161","Twnhs",146000,1978
"1162","1Fam",224000,1954
"1163","1Fam",129000,1968
"1164","Duplex",108959,1969
"1165","1Fam",194000,1978
"1166","1Fam",233170,2009
"1167","1Fam",245350,2008
"1168","1Fam",173000,2000
"1169","1Fam",235000,1935
"1170","1Fam",625000,1995
"1171","1Fam",171000,1977
"1172","1Fam",163000,1958
"1173","TwnhsE",171900,2006
"1174","1Fam",200500,1946
"1175","1Fam",239000,1932
"1176","1Fam",285000,1992
"1177","1Fam",119500,1984
"1178","1Fam",115000,1926
"1179","1Fam",154900,1921
"1180","1Fam",93000,1954
"1181","1Fam",250000,1990
"1182","TwnhsE",392500,2008
"1183","1Fam",745000,1996
"1184","1Fam",120000,1920
"1185","1Fam",186700,1963
"1186","1Fam",104900,1924
"1187","2fmCon",95000,1900
"1188","1Fam",262000,1994
"1189","1Fam",195000,2002
"1190","1Fam",189000,1999
"1191","2fmCon",168000,1961
"1192","Twnhs",174000,1999
"1193","1Fam",125000,1925
"1194","TwnhsE",165000,1999
"1195","1Fam",158000,1969
"1196","1Fam",176000,2005
"1197","1Fam",219210,2006
"1198","1Fam",144000,1916
"1199","1Fam",178000,2001
"1200","1Fam",148000,1963
"1201","1Fam",116050,1970
"1202","1Fam",197900,1998
"1203","1Fam",117000,1925
"1204","1Fam",213000,2000
"1205","1Fam",153500,1975
"1206","1Fam",271900,1990
"1207","1Fam",107000,1966
"1208","1Fam",200000,2003
"1209","1Fam",140000,1962
"1210","1Fam",290000,2006
"1211","1Fam",189000,1992
"1212","1Fam",164000,1988
"1213","1Fam",113000,1941
"1214","1Fam",145000,1965
"1215","1Fam",134500,1962
"1216","1Fam",125000,1966
"1217","Duplex",112000,1978
"1218","1Fam",229456,2009
"1219","1Fam",80500,1947
"1220","Twnhs",91500,1971
"1221","1Fam",115000,1964
"1222","1Fam",134000,1968
"1223","1Fam",143000,1949
"1224","1Fam",137900,1951
"1225","1Fam",184000,2004
"1226","1Fam",145000,1958
"1227","1Fam",214000,2007
"1228","1Fam",147000,1965
"1229","TwnhsE",367294,2008
"1230","1Fam",127000,1960
"1231","Duplex",190000,1977
"1232","Duplex",132500,1962
"1233","Duplex",101800,1962
"1234","1Fam",142000,1959
"1235","1Fam",130000,1911
"1236","1Fam",138887,1914
"1237","Twnhs",175500,2003
"1238","1Fam",195000,2004
"1239","1Fam",142500,2005
"1240","1Fam",265900,2006
"1241","1Fam",224900,2003
"1242","1Fam",248328,2007
"1243","1Fam",170000,1974
"1244","1Fam",465000,2006
"1245","1Fam",230000,1929
"1246","1Fam",178000,1984
"1247","1Fam",186500,2005
"1248","1Fam",169900,1976
"1249","1Fam",129500,1917
"1250","1Fam",119000,1950
"1251","1Fam",244000,1968
"1252","TwnhsE",171750,2003
"1253","1Fam",130000,1968
"1254","1Fam",294000,1974
"1255","1Fam",165400,2003
"1256","1Fam",127500,1931
"1257","1Fam",301500,1994
"1258","1Fam",99900,1922
"1259","1Fam",190000,2005
"1260","1Fam",151000,1969
"1261","1Fam",181000,1999
"1262","1Fam",128900,1956
"1263","1Fam",161500,1957
"1264","1Fam",180500,1919
"1265","TwnhsE",181000,1998
"1266","TwnhsE",183900,1999
"1267","2fmCon",122000,1910
"1268","1Fam",378500,2008
"1269","1Fam",381000,1935
"1270","1Fam",144000,1958
"1271","1Fam",260000,1979
"1272","1Fam",185750,1968
"1273","1Fam",137000,1965
"1274","1Fam",177000,1959
"1275","1Fam",139000,1910
"1276","Duplex",137000,1948
"1277","1Fam",162000,1972
"1278","1Fam",197900,1967
"1279","1Fam",237000,2002
"1280","1Fam",68400,1920
"1281","1Fam",227000,2002
"1282","1Fam",180000,1990
"1283","1Fam",150500,1977
"1284","Duplex",139000,1971
"1285","1Fam",169000,1919
"1286","1Fam",132500,1939
"1287","1Fam",143000,1963
"1288","1Fam",190000,1964
"1289","TwnhsE",278000,2000
"1290","1Fam",281000,2006
"1291","1Fam",180500,1964
"1292","Twnhs",119500,1972
"1293","1Fam",107500,1892
"1294","1Fam",162900,1976
"1295","1Fam",115000,1955
"1296","1Fam",138500,1968
"1297","1Fam",155000,1963
"1298","TwnhsE",140000,2005
"1299","1Fam",160000,2008
"1300","1Fam",154000,1959
"1301","1Fam",225000,1999
"1302","1Fam",177500,1942
"1303","1Fam",290000,1994
"1304","1Fam",232000,2005
"1305","TwnhsE",130000,2004
"1306","1Fam",325000,2006
"1307","TwnhsE",202500,2005
"1308","1Fam",138000,1994
"1309","1Fam",147000,1948
"1310","1Fam",179200,1991
"1311","1Fam",335000,1959
"1312","1Fam",203000,2005
"1313","1Fam",302000,1990
"1314","1Fam",333168,1999
"1315","1Fam",119000,1954
"1316","1Fam",206900,1969
"1317","1Fam",295493,2008
"1318","TwnhsE",208900,2006
"1319","1Fam",275000,2001
"1320","1Fam",111000,1954
"1321","1Fam",156500,1957
"1322","1Fam",72500,1949
"1323","1Fam",190000,1992
"1324","1Fam",82500,1940
"1325","1Fam",147000,2006
"1326","1Fam",55000,1922
"1327","1Fam",79000,1931
"1328","1Fam",130500,1982
"1329","1Fam",256000,1920
"1330","1Fam",176500,1998
"1331","1Fam",227000,2006
"1332","1Fam",132500,1976
"1333","1Fam",100000,1938
"1334","1Fam",125500,1938
"1335","TwnhsE",125000,1970
"1336","1Fam",167900,1977
"1337","Duplex",135000,1973
"1338","1Fam",52500,1941
"1339","1Fam",200000,2002
"1340","1Fam",128500,1972
"1341","1Fam",123000,1971
"1342","1Fam",155000,2003
"1343","1Fam",228500,2002
"1344","1Fam",177000,1928
"1345","1Fam",155835,2006
"1346","1Fam",108500,1920
"1347","1Fam",262500,1968
"1348","1Fam",283463,2006
"1349","1Fam",215000,1998
"1350","1Fam",122000,1872
"1351","Duplex",200000,1969
"1352","1Fam",171000,1962
"1353","1Fam",134900,1937
"1354","1Fam",410000,1995
"1355","1Fam",235000,2000
"1356","1Fam",170000,1968
"1357","1Fam",110000,1966
"1358","1Fam",149900,1971
"1359","Twnhs",177500,2000
"1360","1Fam",315000,2004
"1361","1Fam",189000,1921
"1362","1Fam",260000,2005
"1363","1Fam",104900,1920
"1364","1Fam",156932,2006
"1365","TwnhsE",144152,2005
"1366","1Fam",216000,2000
"1367","1Fam",193000,1999
"1368","TwnhsE",127000,1977
"1369","TwnhsE",144000,2003
"1370","1Fam",232000,2003
"1371","1Fam",105000,1920
"1372","1Fam",165500,1955
"1373","1Fam",274300,1998
"1374","1Fam",466500,2001
"1375","1Fam",250000,2005
"1376","1Fam",239000,2007
"1377","1Fam",91000,1930
"1378","1Fam",117000,1941
"1379","Twnhs",83000,1973
"1380","1Fam",167500,2006
"1381","1Fam",58500,1914
"1382","1Fam",237500,1970
"1383","1Fam",157000,1920
"1384","1Fam",112000,1918
"1385","1Fam",105000,1939
"1386","1Fam",125500,1922
"1387","1Fam",250000,1978
"1388","1Fam",136000,1916
"1389","1Fam",377500,2006
"1390","1Fam",131000,1941
"1391","1Fam",235000,2000
"1392","Duplex",124000,1967
"1393","1Fam",123000,1967
"1394","2fmCon",163000,1905
"1395","TwnhsE",246578,2006
"1396","1Fam",281213,2005
"1397","1Fam",160000,1948
"1398","1Fam",137500,1920
"1399","1Fam",138000,1950
"1400","1Fam",137450,1925
"1401","1Fam",120000,1929
"1402","1Fam",193000,2004
"1403","1Fam",193879,2006
"1404","1Fam",282922,2007
"1405","1Fam",105000,1915
"1406","TwnhsE",275000,2004
"1407","1Fam",133000,1972
"1408","1Fam",112000,1985
"1409","1Fam",125500,1910
"1410","1Fam",215000,1986
"1411","1Fam",230000,2001
"1412","1Fam",140000,1950
"1413","Duplex",90000,1949
"1414","1Fam",257000,2005
"1415","1Fam",207000,1923
"1416","TwnhsE",175900,2007
"1417","2fmCon",122500,1885
"1418","1Fam",340000,1998
"1419","1Fam",124000,1963
"1420","1Fam",223000,1969
"1421","1Fam",179900,1968
"1422","TwnhsE",127500,1977
"1423","TwnhsE",136500,2003
"1424","1Fam",274970,1966
"1425","1Fam",144000,1958
"1426","1Fam",142000,1959
"1427","1Fam",271000,1994
"1428","1Fam",140000,1945
"1429","1Fam",119000,1940
"1430","1Fam",182900,1981
"1431","1Fam",192140,2005
"1432","TwnhsE",143750,1976
"1433","1Fam",64500,1927
"1434","1Fam",186500,2000
"1435","1Fam",160000,1977
"1436","1Fam",174000,1962
"1437","1Fam",120500,1971
"1438","1Fam",394617,2008
"1439","1Fam",149700,1957
"1440","1Fam",197000,1979
"1441","1Fam",191000,1922
"1442","TwnhsE",149300,2004
"1443","1Fam",310000,2008
"1444","1Fam",121000,1916
"1445","1Fam",179600,2004
"1446","1Fam",129000,1966
"1447","1Fam",157900,1962
"1448","1Fam",240000,1995
"1449","1Fam",112000,1910
"1450","Twnhs",92000,1970
"1451","Duplex",136000,1974
"1452","1Fam",287090,2008
"1453","TwnhsE",145000,2005
"1454","1Fam",84500,2006
"1455","1Fam",185000,2004
"1456","1Fam",175000,1999
"1457","1Fam",210000,1978
"1458","1Fam",266500,1941
"1459","1Fam",142125,1950
"1460","1Fam",147500,1965
